DateTime_LST,TA (degC),RH (%),SWC (%),TS (degC),WS (m/s),WD (deg_north),TKE (m2/s2),SW_IN (W/m2),SW_OUT (W/m2),LW_IN (W/m2),LW_OUT (W/m2),LE (W/m2),H (W/m2),G (W/m2),ALB (%),U (m/s),V (m/s)
2018-11-29 00:00:00,14.54,85.29,46.11,16.7,1.15,234.94,0.214,0.0,0.498,350.032,385.977,-4.82,5.796,-1.067,0.0,0.94,0.66
2018-11-29 00:30:00,14.18,87.46,46.11,16.69,1.26,213.91,0.154,0.0,0.605,324.072,383.508,1.741,-8.703,-5.926,0.0,0.71,1.05
2018-11-29 01:00:00,13.96,88.12,46.11,16.67,0.73,229.46,0.128,0.0,0.964,322.762,381.824,2.018,-5.345,-1.204,0.0,0.55,0.47
2018-11-29 01:30:00,13.53,90.61,46.11,16.66,0.82,215.02,0.14,0.0,1.097,319.969,379.753,1.189,-4.104,-3.623,0.0,0.47,0.67
2018-11-29 02:00:00,13.65,88.93,46.06,16.64,1.14,221.15,0.083,0.0,1.044,323.526,379.617,2.549,-7.713,-9.655,0.0,0.75,0.86
2018-11-29 02:30:00,13.23,90.76,46.05,16.62,0.95,212.12,0.224,0.0,0.817,333.287,378.86,4.164,-20.743,-5.77,0.0,0.51,0.81
2018-11-29 03:00:00,13.17,90.85,46.05,16.6,0.64,210.79,0.094,0.0,0.696,334.746,377.99,1.622,-8.297,-4.61,0.0,0.33,0.55
2018-11-29 03:30:00,12.85,92.48,46.04,16.58,0.61,233.19,0.21,0.0,1.051,318.295,376.063,-0.278,10.838,-5.322,0.0,0.49,0.37
2018-11-29 04:00:00,12.64,93.2,46.04,16.56,1.15,217.91,0.128,0.0,0.972,314.113,375.079,2.429,-22.748,-8.177,0.0,0.71,0.91
2018-11-29 04:30:00,12.47,93.3,46.04,16.53,0.94,218.97,0.423,0.0,1.219,317.33,374.57,0.994,-5.633,-8.896,0.0,0.59,0.73
2018-11-29 05:00:00,12.21,94.46,46.04,16.51,0.47,128.46,0.133,0.0,1.432,315.936,373.419,-0.581,2.87,-8.354,0.0,-0.37,0.29
2018-11-29 05:30:00,12.22,93.66,46.03,16.48,0.98,215.02,0.216,0.0,1.337,313.542,373.035,0.54,-3.568,-7.147,0.0,0.57,0.81
2018-11-29 06:00:00,12.25,92.5,46.03,16.45,1.38,222.61,0.165,0.0,1.157,311.359,372.967,-0.337,-2.966,-8.644,0.0,0.94,1.02
2018-11-29 06:30:00,12.17,92.27,46.03,16.43,0.82,202.44,0.306,23.72,3.762,309.439,372.667,4.759,-39.887,-7.33,15.9,0.31,0.75
2018-11-29 07:00:00,11.92,94.17,45.98,16.4,0.78,77.65,0.302,58.589,5.741,307.953,373.116,13.734,-5.886,-13.176,9.8,-0.76,-0.17
2018-11-29 07:30:00,11.99,94.65,45.97,16.37,1.03,198.13,0.313,227.417,9.625,307.798,374.831,6.765,18.766,-10.934,4.2,0.32,0.98
2018-11-29 08:00:00,13.04,88.37,45.96,16.34,1.44,211.12,0.093,439.813,18.875,312.394,381.738,1.579,11.525,-9.85,4.3,0.74,1.23
2018-11-29 08:30:00,14.95,79.98,45.96,16.31,1.28,193.94,0.666,562.629,33.048,317.49,394.038,15.985,16.846,-9.872,5.9,0.31,1.24
2018-11-29 09:00:00,16.74,75.28,45.96,16.28,2.17,64.16,0.714,203.863,53.269,321.454,406.594,259.601,146.651,-11.666,26.1,-1.95,-0.95
2018-11-29 09:30:00,18.26,69.39,45.91,16.25,1.69,50.73,1.076,806.164,69.203,327.889,417.152,367.067,133.162,-11.679,8.6,-1.31,-1.07
2018-11-29 10:00:00,19.46,65.18,45.89,16.23,2.24,66.95,1.355,502.539,81.306,332.889,428.051,357.657,201.638,-9.285,16.2,-2.07,-0.88
2018-11-29 10:30:00,21.03,60.09,45.84,16.21,3.09,61.36,2.165,599.567,92.916,340.668,439.02,410.287,230.938,-10.332,15.5,-2.71,-1.48
2018-11-29 11:00:00,21.95,57.42,45.81,16.19,3.35,54.09,2.355,360.637,103.333,345.167,446.288,482.741,286.195,-10.789,28.7,-2.72,-1.97
2018-11-29 11:30:00,22.51,55.61,45.75,16.18,3.13,51.79,1.984,963.044,107.815,348.735,452.201,505.326,408.847,-6.572,11.2,-2.46,-1.94
2018-11-29 12:00:00,22.89,54.07,45.68,16.18,3.84,52.02,2.5,982.564,111.286,351.934,456.698,446.587,377.867,-6.114,11.3,-3.03,-2.37
2018-11-29 12:30:00,23.28,54.71,45.61,16.19,3.89,49.35,2.544,1002.085,111.889,360.405,460.715,453.602,416.766,-4.772,11.2,-2.95,-2.53
2018-11-29 13:00:00,23.35,54.59,45.52,16.21,3.94,48.43,2.573,1021.605,112.491,361.303,461.976,358.067,354.271,-2.827,11.0,-2.94,-2.61
2018-11-29 13:30:00,23.39,55.48,45.44,16.22,4.1,50.77,2.546,1041.126,113.094,361.015,461.981,319.335,422.989,-2.44,10.9,-3.18,-2.6
2018-11-29 14:00:00,23.58,56.17,45.37,16.25,3.83,54.67,3.027,927.593,102.061,365.155,462.266,426.696,364.822,2.656,11.0,-3.12,-2.21
2018-11-29 14:30:00,22.88,57.95,45.3,16.29,3.63,44.11,2.447,500.232,53.821,368.271,445.782,349.094,88.428,2.655,10.8,-2.53,-2.61
2018-11-29 15:00:00,22.07,58.68,45.27,16.32,2.06,65.17,1.319,332.028,40.588,370.483,435.993,323.88,53.219,4.139,12.2,-1.87,-0.87
2018-11-29 15:30:00,23.33,52.42,45.22,16.36,2.29,56.52,1.748,679.11,86.473,367.165,456.379,294.947,248.22,5.964,12.7,-1.91,-1.27
2018-11-29 16:00:00,23.09,53.55,45.16,16.4,2.63,45.05,1.334,409.207,49.092,369.219,446.152,130.648,65.881,5.48,12.0,-1.86,-1.86
2018-11-29 16:30:00,21.76,62.79,45.12,16.45,3.2,50.1,2.333,175.392,19.895,384.682,431.046,191.915,-32.127,4.081,11.3,-2.45,-2.05
2018-11-29 17:00:00,21.37,66.28,45.12,16.48,1.83,51.91,1.605,179.571,30.798,378.929,431.657,123.847,52.135,2.683,17.2,-1.44,-1.13
2018-11-29 17:30:00,20.98,66.73,45.06,16.52,1.74,112.32,1.927,100.869,14.529,373.175,425.224,170.536,22.859,4.806,14.4,-1.61,0.66
2018-11-29 18:00:00,20.78,64.23,45.07,16.56,2.25,233.52,2.629,44.266,6.718,374.314,422.621,53.736,-62.594,6.929,15.2,1.81,1.34
2018-11-29 18:30:00,20.07,64.53,45.06,16.59,5.11,232.52,2.552,3.037,0.982,375.453,418.03,18.058,-20.609,9.052,0.0,4.05,3.11
2018-11-29 19:00:00,19.35,66.82,45.04,16.62,4.55,230.91,1.699,1.519,0.65,367.239,413.644,10.859,-20.175,5.799,0.0,3.53,2.87
2018-11-29 19:30:00,18.64,69.1,45.02,16.65,4.0,229.3,1.604,0.0,0.319,359.025,409.259,3.66,-19.742,2.547,0.0,3.03,2.61
2018-11-29 20:00:00,18.11,70.76,45.01,16.67,4.91,230.05,2.303,0.0,0.377,338.641,406.091,13.063,-21.99,7.297,0.0,3.77,3.15
2018-11-29 20:30:00,17.77,72.62,45.01,16.69,3.39,231.55,1.862,0.0,0.452,354.0,404.289,-0.358,-8.142,7.148,0.0,2.66,2.11
2018-11-29 21:00:00,17.7,72.82,45.01,16.71,2.25,227.89,0.688,0.0,0.29,387.551,404.972,-2.962,-0.055,3.813,0.0,1.67,1.51
2018-11-29 21:30:00,17.51,73.19,45.02,16.72,1.99,225.94,0.394,0.0,0.253,368.426,402.87,12.521,-14.993,2.689,0.0,1.43,1.39
2018-11-29 22:00:00,17.18,74.55,45.02,16.73,1.99,226.13,0.351,0.0,0.596,342.172,399.181,37.671,-20.943,3.195,0.0,1.43,1.38
2018-11-29 22:30:00,16.74,75.96,45.02,16.73,1.93,220.59,0.26,0.0,0.579,332.618,396.076,11.274,-13.452,1.445,0.0,1.26,1.47
2018-11-29 23:00:00,16.16,79.01,45.02,16.73,1.72,224.0,0.247,0.0,0.428,324.206,392.123,9.349,-13.735,2.172,0.0,1.2,1.24
2018-11-29 23:30:00,15.4,82.56,45.02,16.73,1.3,226.28,0.269,0.0,0.64,321.69,388.19,2.379,-8.698,0.315,0.0,0.94,0.9
2018-11-30 00:00:00,14.77,85.41,45.02,16.73,1.63,225.97,0.322,0.0,0.972,318.981,385.254,15.15,-20.668,0.32,0.0,1.18,1.14
2018-11-30 00:30:00,14.46,86.26,45.02,16.72,1.5,233.97,0.209,0.0,0.866,320.663,383.859,7.228,-12.262,0.22,0.0,1.22,0.88
2018-11-30 01:00:00,14.13,87.02,45.02,16.71,1.41,236.45,0.242,0.0,0.89,318.937,382.518,4.611,-19.598,-4.039,0.0,1.17,0.78
2018-11-30 01:30:00,13.91,87.02,45.01,16.7,0.97,242.69,0.183,0.0,1.455,312.402,380.83,7.166,-15.161,-2.851,0.0,0.86,0.45
2018-11-30 02:00:00,13.72,86.75,45.01,16.69,0.71,228.56,0.118,0.0,1.537,320.314,380.061,-0.645,-3.57,-4.479,0.0,0.54,0.47
2018-11-30 02:30:00,13.6,87.06,45.01,16.67,0.79,196.23,0.258,0.0,0.942,339.69,380.4,3.112,-4.255,-1.969,0.0,0.22,0.76
2018-11-30 03:00:00,13.43,87.99,45.01,16.65,0.55,131.8,0.182,0.0,0.569,365.006,381.609,6.853,-6.438,-3.99,0.0,-0.41,0.36
2018-11-30 03:30:00,13.91,84.49,45.01,16.63,1.13,207.95,0.072,0.0,0.434,364.131,383.01,1.47,0.928,-6.756,0.0,0.53,1.0
2018-11-30 04:00:00,13.55,87.57,45.01,16.61,1.18,223.04,0.185,0.0,0.693,347.592,381.435,1.673,-2.384,-7.909,0.0,0.81,0.86
2018-11-30 04:30:00,13.63,86.03,45.0,16.59,1.41,223.96,0.16,0.0,0.951,325.995,379.984,-4.281,-0.814,-5.383,0.0,0.98,1.01
2018-11-30 05:00:00,13.12,87.74,45.0,16.56,1.67,223.06,0.31,0.0,0.591,317.983,377.78,-5.531,-16.987,-8.239,0.0,1.14,1.22
2018-11-30 05:30:00,12.91,86.2,45.0,16.54,1.83,226.45,0.365,0.0,0.935,312.64,376.201,0.585,-0.345,-5.525,0.0,1.33,1.26
2018-11-30 06:00:00,12.74,85.13,45.0,16.51,1.65,221.01,0.214,0.0,0.801,329.08,376.05,-4.323,-0.483,-6.816,0.0,1.08,1.25
2018-11-30 06:30:00,12.81,83.93,44.95,16.49,0.94,213.72,0.26,25.547,3.717,324.416,376.232,-2.68,-6.53,-9.646,14.6,0.52,0.78
2018-11-30 07:00:00,13.11,82.03,44.94,16.46,1.07,214.08,0.058,89.357,7.954,319.231,378.09,0.838,-2.062,-8.839,8.9,0.6,0.89
2018-11-30 07:30:00,13.49,80.09,44.93,16.44,0.84,213.43,0.045,129.146,11.292,323.764,382.287,3.004,2.449,-8.716,8.7,0.46,0.7
2018-11-30 08:00:00,14.1,76.97,44.93,16.41,1.06,217.04,0.142,291.363,16.615,314.333,385.11,13.058,-5.605,-6.781,5.7,0.64,0.84
2018-11-30 08:30:00,15.24,72.86,44.93,16.38,0.73,221.71,0.36,566.774,31.599,315.575,396.683,198.925,109.653,-11.813,5.6,0.49,0.55
2018-11-30 09:00:00,17.33,70.36,44.93,16.35,1.66,48.98,0.597,164.464,53.444,320.286,408.778,252.699,76.08,-9.276,32.5,-1.25,-1.09
2018-11-30 09:30:00,18.67,64.16,44.9,16.33,1.86,55.6,0.988,789.326,69.158,321.975,419.267,374.246,146.896,-12.293,8.8,-1.54,-1.05
2018-11-30 10:00:00,19.97,59.24,44.85,16.3,2.15,63.69,1.274,522.927,82.415,327.988,430.514,354.129,142.33,-7.667,15.8,-1.92,-0.95
2018-11-30 10:30:00,21.04,56.88,44.82,16.28,2.87,64.64,1.668,606.689,93.88,331.451,440.213,366.871,252.583,-9.342,15.5,-2.59,-1.23
2018-11-30 11:00:00,22.01,50.94,44.74,16.27,3.56,60.43,2.839,364.037,103.472,335.267,445.812,393.358,289.279,-13.395,28.4,-3.1,-1.76
2018-11-30 11:30:00,22.3,54.05,44.68,16.26,4.39,62.42,3.365,933.367,106.876,344.225,448.46,419.846,344.089,-4.474,11.5,-3.89,-2.03
2018-11-30 12:00:00,22.39,52.77,44.61,16.25,4.58,62.19,3.407,997.111,113.889,350.191,452.688,450.7,366.3,-5.594,11.4,-4.05,-2.14
2018-11-30 12:30:00,23.0,49.26,44.55,16.26,3.72,64.29,2.937,1060.855,110.336,346.25,456.916,452.845,289.892,-9.424,10.4,-3.35,-1.61
2018-11-30 13:00:00,23.82,46.8,44.47,16.27,2.57,66.36,2.994,1049.903,110.98,344.678,457.975,378.808,368.89,-0.285,10.6,-2.35,-1.03
2018-11-30 13:30:00,24.49,29.12,44.4,16.29,5.28,254.41,5.583,1014.294,111.442,343.002,459.034,45.135,46.476,-3.421,11.0,5.09,1.42
2018-11-30 14:00:00,24.46,30.1,44.3,16.31,6.51,241.37,4.722,943.621,107.669,343.978,460.093,76.384,118.861,-0.443,11.4,5.71,3.12
2018-11-30 14:30:00,24.38,31.19,44.23,16.34,7.11,247.13,6.979,868.938,103.613,345.185,457.816,146.0,128.112,2.968,11.9,6.55,2.76
2018-11-30 15:00:00,24.2,33.32,44.16,16.38,6.98,238.81,4.336,809.092,102.086,348.584,456.742,93.452,111.052,3.789,12.6,5.97,3.61
2018-11-30 15:30:00,23.65,36.05,44.08,16.41,7.29,242.16,5.421,632.393,83.177,356.333,450.33,141.553,150.267,5.44,13.2,6.44,3.4
2018-11-30 16:00:00,23.09,36.85,44.02,16.45,7.2,244.53,4.18,468.743,63.964,358.32,443.145,77.054,43.545,3.559,13.6,6.5,3.09
2018-11-30 16:30:00,22.19,38.36,43.96,16.48,6.28,236.58,4.083,266.854,35.698,359.621,433.415,89.76,-16.751,4.7,13.4,5.24,3.46
2018-11-30 17:00:00,21.22,42.0,43.91,16.52,5.02,231.46,3.071,155.807,20.464,354.381,425.723,99.886,-61.382,3.506,13.1,3.93,3.13
2018-11-30 17:30:00,20.39,44.56,43.89,16.55,4.12,222.01,1.963,85.257,11.625,354.612,419.791,30.783,-21.369,7.576,13.6,2.76,3.06
2018-11-30 18:00:00,19.77,47.3,43.87,16.57,4.6,241.13,2.173,38.623,5.924,349.74,415.355,40.868,-39.085,2.455,15.3,4.03,2.22
2018-11-30 18:30:00,19.22,50.5,43.85,16.6,4.11,235.32,1.662,3.325,1.452,348.02,411.648,-21.988,11.805,7.122,0.0,3.38,2.34
2018-11-30 19:00:00,18.47,56.75,43.85,16.62,5.73,237.99,3.424,0.0,0.292,344.13,408.214,22.094,-27.309,7.392,0.0,4.86,3.04
2018-11-30 19:30:00,17.68,62.87,43.85,16.63,6.02,249.94,2.522,0.0,0.406,336.637,403.887,58.443,-66.791,1.098,0.0,5.65,2.06
2018-11-30 20:00:00,17.03,65.71,43.85,16.64,4.79,259.25,1.234,0.0,0.547,326.33,399.327,29.855,-21.131,2.998,0.0,4.7,0.89
2018-11-30 20:30:00,16.7,65.35,43.85,16.64,4.71,266.76,1.119,0.0,0.57,320.892,397.073,1.266,-22.745,1.306,0.0,4.7,0.27
2018-11-30 21:00:00,16.05,67.26,43.85,16.64,4.08,255.23,1.289,0.0,0.578,319.536,393.451,11.398,16.612,0.996,0.0,3.94,1.04
2018-11-30 21:30:00,15.72,68.04,43.85,16.64,2.84,233.5,0.896,0.0,0.665,330.289,391.893,12.512,-11.233,-1.609,0.0,2.28,1.69
2018-11-30 22:00:00,15.58,68.04,43.85,16.63,2.29,223.8,0.496,0.0,0.691,333.208,390.59,6.149,-15.827,-1.503,0.0,1.58,1.65
2018-11-30 22:30:00,15.64,66.81,43.85,16.62,2.41,221.97,0.512,0.0,0.68,329.984,390.392,4.678,-19.419,-2.201,0.0,1.61,1.79
2018-11-30 23:00:00,15.21,68.5,43.85,16.61,2.13,228.99,0.456,0.0,0.399,317.912,387.302,12.364,-25.653,-2.512,0.0,1.61,1.4
2018-11-30 23:30:00,14.19,73.6,43.85,16.59,1.86,228.56,0.379,0.0,0.65,308.026,381.569,13.989,-16.243,-4.584,0.0,1.39,1.23
2018-12-01 00:00:00,13.39,75.24,43.85,16.58,1.97,227.53,0.463,0.0,0.702,302.754,377.986,-3.167,-6.539,-4.154,0.0,1.46,1.33
2018-12-01 00:30:00,13.09,73.34,43.84,16.56,1.4,225.05,0.292,0.0,0.866,306.268,376.219,10.362,-13.063,-4.66,0.0,0.99,0.99
2018-12-01 01:00:00,13.1,70.29,43.84,16.54,1.29,221.42,0.449,0.0,1.002,311.992,375.564,17.347,-31.673,-5.95,0.0,0.86,0.97
2018-12-01 01:30:00,12.98,70.24,43.84,16.52,1.21,224.63,0.378,0.0,1.168,311.39,374.935,5.341,-13.366,-7.755,0.0,0.85,0.86
2018-12-01 02:00:00,13.05,67.14,43.84,16.49,1.19,220.72,0.175,0.0,0.977,304.805,374.16,13.06,-23.718,-7.438,0.0,0.78,0.9
2018-12-01 02:30:00,12.87,67.03,43.83,16.46,1.31,217.25,0.264,0.0,1.142,297.948,372.371,-2.976,-4.009,-9.694,0.0,0.79,1.04
2018-12-01 03:00:00,12.53,67.1,43.83,16.43,1.87,221.35,0.438,0.0,0.994,295.865,371.428,-3.589,-16.452,-5.909,0.0,1.23,1.4
2018-12-01 03:30:00,12.5,66.39,43.83,16.4,1.21,223.85,0.31,0.0,0.993,295.408,370.1,1.252,-8.252,-9.644,0.0,0.84,0.88
2018-12-01 04:00:00,12.45,65.49,43.82,16.36,1.3,198.7,0.707,0.0,1.187,297.251,370.173,-31.637,-44.292,-13.022,0.0,0.42,1.24
2018-12-01 04:30:00,11.98,68.74,43.82,16.32,0.75,208.14,0.289,0.0,1.098,293.368,367.943,-8.639,-5.082,-12.985,0.0,0.35,0.66
2018-12-01 05:00:00,11.93,67.39,43.82,16.29,1.2,217.59,0.119,0.0,1.064,292.964,367.488,10.693,-21.039,-9.18,0.0,0.73,0.95
2018-12-01 05:30:00,11.69,67.99,43.81,16.25,1.57,220.36,0.178,0.0,0.88,296.264,367.056,2.575,-5.822,-11.874,0.0,1.01,1.19
2018-12-01 06:00:00,11.61,67.88,43.81,16.21,1.09,195.31,0.479,0.0,1.226,293.818,366.395,-3.83,-16.816,-12.893,0.0,0.29,1.05
2018-12-01 06:30:00,11.32,70.42,43.81,16.17,0.64,132.09,0.186,23.365,3.658,290.971,364.9,-2.448,-3.941,-13.039,15.7,-0.47,0.43
2018-12-01 07:00:00,11.12,72.02,43.74,16.13,0.48,210.59,0.08,75.215,6.802,290.378,365.295,-0.739,2.233,-13.645,9.0,0.25,0.42
2018-12-01 07:30:00,11.81,71.39,43.73,16.09,1.22,76.46,0.645,310.504,11.15,293.874,370.845,78.082,13.944,-14.251,3.6,-1.19,-0.29
2018-12-01 08:00:00,12.39,70.74,43.73,16.04,0.77,117.4,0.412,431.206,16.245,297.222,375.864,58.139,2.542,-12.758,3.8,-0.68,0.35
2018-12-01 08:30:00,14.1,65.78,43.72,16.0,1.29,59.8,0.459,547.208,31.982,303.246,388.336,96.689,37.899,-14.122,5.8,-1.12,-0.65
2018-12-01 09:00:00,15.73,61.17,43.72,15.96,1.78,50.5,0.4,127.164,55.584,307.897,400.52,209.878,129.884,-15.991,43.7,-1.38,-1.13
2018-12-01 09:30:00,17.94,54.84,43.72,15.92,2.32,64.29,0.773,776.753,72.609,311.284,415.744,386.896,77.226,-13.278,9.3,-2.09,-1.01
2018-12-01 10:00:00,20.16,39.85,43.67,15.89,1.94,97.42,2.262,553.368,87.425,319.742,434.044,41.117,178.424,-12.788,15.8,-1.92,0.25
2018-12-01 10:30:00,22.3,23.6,43.63,15.86,4.29,239.38,2.551,605.824,96.801,324.757,443.751,95.72,11.717,-12.299,16.0,3.69,2.18
2018-12-01 11:00:00,22.87,23.23,43.57,15.83,5.71,241.3,3.024,419.516,105.71,326.451,447.927,3.019,38.705,-17.189,25.2,5.01,2.74
2018-12-01 11:30:00,23.67,22.34,43.51,15.81,4.28,248.49,4.243,978.085,110.906,331.484,456.012,3.344,120.998,-11.601,11.3,3.98,1.57
2018-12-01 12:00:00,23.7,21.93,43.44,15.8,5.57,246.46,5.068,1072.769,112.222,333.006,456.287,13.533,134.503,-8.565,10.5,5.11,2.23
2018-12-01 12:30:00,24.24,23.45,43.37,15.8,5.19,247.22,5.002,1086.457,111.807,336.08,460.703,206.044,187.516,-7.931,10.3,4.79,2.01
2018-12-01 13:00:00,24.18,22.82,43.3,15.81,6.89,243.45,4.406,1022.908,111.391,335.97,458.322,93.986,119.759,-7.071,10.9,6.16,3.08
2018-12-01 13:30:00,24.41,23.29,43.21,15.82,5.88,253.43,5.334,1001.303,111.362,337.165,461.105,238.149,231.466,-9.561,11.1,5.63,1.68
2018-12-01 14:00:00,24.48,25.3,43.12,15.84,6.02,239.16,3.834,929.671,106.095,338.553,461.104,100.295,117.555,0.485,11.4,5.17,3.09
2018-12-01 14:30:00,24.56,27.89,43.05,15.86,5.6,245.46,4.157,864.157,103.2,341.076,460.554,189.132,177.988,-1.783,11.9,5.1,2.33
2018-12-01 15:00:00,24.63,30.02,42.99,15.89,6.01,243.94,4.871,760.003,96.165,343.139,459.333,107.039,98.766,-0.132,12.7,5.39,2.64
2018-12-01 15:30:00,24.61,30.28,42.91,15.92,5.88,242.85,4.151,660.442,89.235,343.643,458.25,106.182,96.203,-4.126,13.5,5.23,2.68
2018-12-01 16:00:00,24.33,30.98,42.83,15.96,7.21,244.18,5.752,524.15,77.273,342.213,453.445,109.169,105.155,4.819,14.7,6.49,3.14
2018-12-01 16:30:00,23.84,33.55,42.78,16.0,6.6,241.25,4.929,379.893,63.304,341.618,447.662,35.47,76.646,1.96,16.7,5.78,3.17
2018-12-01 17:00:00,23.04,37.91,42.74,16.04,6.52,239.6,3.562,226.302,44.107,340.185,439.531,60.257,25.188,4.789,19.5,5.62,3.3
2018-12-01 17:30:00,22.37,41.07,42.68,16.08,5.61,238.18,2.925,128.894,32.775,338.112,433.491,27.481,14.702,6.385,25.4,4.76,2.96
2018-12-01 18:00:00,21.3,46.01,42.68,16.11,5.59,236.27,3.252,44.427,9.487,335.195,424.419,37.803,-38.848,5.944,21.4,4.65,3.1
2018-12-01 18:30:00,20.18,50.77,42.63,16.15,5.04,234.49,2.496,5.645,1.938,332.072,416.934,6.977,-8.806,5.255,0.0,4.1,2.93
2018-12-01 19:00:00,19.35,54.38,42.63,16.18,4.94,232.95,2.125,0.0,0.503,329.9,412.011,9.37,-14.812,5.487,0.0,3.94,2.98
2018-12-01 19:30:00,18.62,58.57,42.62,16.21,5.23,239.24,1.438,0.0,0.54,328.376,407.831,9.149,-18.841,5.602,0.0,4.49,2.68
2018-12-01 20:00:00,17.68,63.87,42.63,16.23,4.93,250.06,1.063,0.0,0.52,326.02,402.578,18.948,-31.161,5.746,0.0,4.63,1.68
2018-12-01 20:30:00,17.27,67.4,42.63,16.25,3.32,234.17,1.348,0.0,0.613,325.486,400.364,-6.466,0.141,2.433,0.0,2.69,1.94
2018-12-01 21:00:00,16.54,71.48,42.63,16.26,3.05,230.92,0.726,0.0,0.572,322.706,396.095,2.835,-11.717,3.924,0.0,2.37,1.92
2018-12-01 21:30:00,16.22,73.06,42.63,16.27,2.43,225.49,0.544,0.0,0.768,320.647,393.545,9.792,-33.293,1.527,0.0,1.73,1.7
2018-12-01 22:00:00,16.3,72.44,42.63,16.28,2.24,215.47,0.66,0.0,0.879,319.426,393.346,10.165,-33.171,0.14,0.0,1.3,1.83
2018-12-01 22:30:00,15.43,76.59,42.63,16.28,1.69,233.16,0.808,0.0,0.23,316.706,388.87,11.993,-63.072,-0.859,0.0,1.36,1.02
2018-12-01 23:00:00,14.48,80.25,42.63,16.28,1.03,224.69,0.298,0.0,1.17,312.362,383.832,6.868,-18.634,-2.273,0.0,0.72,0.73
2018-12-01 23:30:00,13.99,81.48,42.63,16.28,1.09,220.88,0.365,0.0,0.844,309.144,381.18,-7.493,-4.212,-1.249,0.0,0.71,0.83
2018-12-02 00:00:00,13.36,84.08,42.63,16.27,0.87,220.78,0.403,0.0,1.467,305.163,377.624,8.029,-2.071,-0.695,0.0,0.57,0.66
2018-12-02 00:30:00,13.16,84.33,42.63,16.26,0.98,221.58,0.08,0.0,1.198,303.294,376.081,1.96,0.07,-4.047,0.0,0.65,0.73
2018-12-02 01:00:00,12.83,84.31,42.63,16.25,1.29,220.42,0.122,0.0,1.039,301.028,374.533,-2.064,-10.959,-3.924,0.0,0.84,0.98
2018-12-02 01:30:00,12.19,85.68,42.63,16.24,1.64,228.15,0.309,0.0,0.862,297.873,371.853,-17.144,-20.486,-8.001,0.0,1.22,1.09
2018-12-02 02:00:00,12.1,81.67,42.62,16.22,1.55,220.35,0.19,0.0,1.181,296.694,370.664,-1.221,-6.899,-5.344,0.0,1.0,1.18
2018-12-02 02:30:00,11.57,81.93,42.62,16.2,2.23,240.97,0.556,0.0,0.781,294.988,368.5,13.382,-25.095,-5.795,0.0,1.95,1.08
2018-12-02 03:00:00,11.69,77.33,42.62,16.17,1.39,241.84,0.667,0.0,1.975,293.754,368.019,8.563,-2.065,-6.433,0.0,1.23,0.66
2018-12-02 03:30:00,11.48,76.81,42.62,16.15,0.8,225.8,0.139,0.0,1.182,291.523,366.458,8.869,-9.978,-10.498,0.0,0.57,0.56
2018-12-02 04:00:00,11.26,76.99,42.62,16.12,1.01,225.38,0.206,0.0,1.616,290.17,365.395,0.473,1.559,-10.471,0.0,0.72,0.71
2018-12-02 04:30:00,10.98,77.9,42.61,16.09,1.82,235.47,0.405,0.0,1.121,289.656,364.619,5.149,-13.318,-7.042,0.0,1.5,1.03
2018-12-02 05:00:00,10.82,78.16,42.61,16.05,0.79,248.39,0.221,0.0,1.671,289.241,363.522,20.124,-24.849,-11.037,0.0,0.73,0.29
2018-12-02 05:30:00,11.12,76.05,42.61,16.02,0.8,118.49,0.401,0.0,2.073,289.268,363.067,-6.289,12.57,-13.558,0.0,-0.7,0.38
2018-12-02 06:00:00,10.85,77.91,42.6,15.98,0.54,207.12,0.08,0.0,1.409,285.75,362.136,0.459,-3.387,-10.267,0.0,0.25,0.48
2018-12-02 06:30:00,10.63,77.75,42.6,15.94,0.6,209.07,0.152,11.622,2.813,283.842,363.509,-3.468,2.06,-13.947,24.2,0.29,0.53
2018-12-02 07:00:00,10.49,73.63,42.6,15.9,0.56,222.42,0.077,45.351,4.046,285.115,364.883,10.064,-3.767,-13.691,8.9,0.38,0.41
2018-12-02 07:30:00,11.4,66.59,42.59,15.86,0.36,325.44,0.078,310.423,9.149,286.388,366.256,16.343,-7.407,-14.798,2.9,0.21,-0.3
2018-12-02 08:00:00,13.04,63.58,42.59,15.82,0.62,25.18,0.213,469.721,12.712,292.468,375.634,-10.07,2.539,-14.2,2.7,-0.26,-0.56
2018-12-02 08:30:00,14.41,59.39,42.58,15.78,0.52,7.08,0.188,526.76,31.185,297.915,387.851,16.079,36.005,-13.781,5.9,-0.06,-0.51
2018-12-02 09:00:00,15.79,59.8,42.58,15.74,1.61,56.32,0.602,73.048,56.429,303.283,401.022,183.323,99.221,-14.849,77.2,-1.34,-0.89
2018-12-02 09:30:00,17.19,56.37,42.58,15.69,2.49,63.23,0.898,751.572,73.31,304.458,411.633,287.84,214.8,-15.722,9.8,-2.23,-1.12
2018-12-02 10:00:00,18.94,51.64,42.54,15.66,2.2,65.98,1.462,555.603,87.021,312.315,425.312,342.085,140.53,-16.482,15.7,-2.01,-0.89
2018-12-02 10:30:00,20.62,47.24,42.5,15.63,2.79,69.93,2.006,588.926,97.827,319.158,438.39,301.972,234.381,-11.427,16.6,-2.62,-0.96
2018-12-02 11:00:00,21.81,42.16,42.47,15.6,3.66,59.53,2.24,466.362,106.03,324.709,445.845,303.969,291.459,-14.556,22.7,-3.15,-1.86
2018-12-02 11:30:00,22.45,41.93,42.43,15.58,3.5,58.68,2.677,969.55,108.978,331.028,451.056,308.663,335.384,-10.243,11.2,-2.99,-1.82
2018-12-02 12:00:00,22.55,46.94,42.38,15.58,4.0,53.67,3.377,1081.279,111.331,338.635,453.671,372.066,379.28,-12.015,10.3,-3.22,-2.37
2018-12-02 12:30:00,22.53,47.79,42.32,15.58,4.25,61.06,4.225,1082.343,114.343,342.055,455.253,584.181,348.651,-1.585,10.6,-3.72,-2.05
2018-12-02 13:00:00,22.94,45.3,42.25,15.59,4.08,56.11,3.226,1065.336,112.815,344.375,458.085,400.543,352.58,-9.813,10.6,-3.39,-2.27
2018-12-02 13:30:00,23.24,44.61,42.19,15.61,3.64,57.48,2.483,1015.968,111.288,346.517,461.627,366.325,334.8,0.976,11.0,-3.07,-1.96
2018-12-02 14:00:00,23.37,47.11,42.12,15.64,3.84,53.89,2.364,946.429,106.312,348.538,461.561,262.009,323.962,-4.038,11.2,-3.1,-2.26
2018-12-02 14:30:00,23.41,48.16,42.05,15.67,3.96,56.99,2.39,866.108,102.317,349.546,460.142,290.679,259.969,1.434,11.8,-3.32,-2.16
2018-12-02 15:00:00,23.58,48.49,41.99,15.71,3.32,62.68,2.156,763.245,94.254,349.867,460.299,310.624,233.072,-0.837,12.3,-2.95,-1.52
2018-12-02 15:30:00,23.18,49.96,41.94,15.75,3.17,64.22,1.88,541.082,70.674,349.488,452.834,298.864,125.591,4.693,13.1,-2.85,-1.38
2018-12-02 16:00:00,22.94,51.17,41.89,15.79,3.09,62.63,1.851,425.153,61.163,346.905,446.972,264.923,61.957,4.426,14.4,-2.74,-1.42
2018-12-02 16:30:00,22.53,54.29,41.85,15.84,3.87,53.44,2.327,385.814,62.556,346.23,443.546,157.881,43.366,8.519,16.2,-3.11,-2.31
2018-12-02 17:00:00,22.51,54.66,41.84,15.88,2.24,71.25,2.775,253.363,49.099,345.64,440.282,162.719,48.013,4.26,19.4,-2.12,-0.72
2018-12-02 17:30:00,22.78,41.88,41.79,15.93,3.53,236.29,1.745,134.967,33.87,342.811,436.121,33.684,1.936,4.167,25.1,2.94,1.96
2018-12-02 18:00:00,21.54,45.86,41.78,15.97,3.86,239.68,1.879,40.593,8.527,340.213,425.112,56.991,-16.134,4.074,21.0,3.34,1.95
2018-12-02 18:30:00,20.36,49.67,41.74,16.01,4.77,236.14,2.187,3.127,1.511,332.829,416.994,24.388,2.958,8.388,0.0,3.96,2.66
2018-12-02 19:00:00,19.42,53.18,41.74,16.05,4.15,230.68,1.583,1.564,0.993,330.931,411.692,18.892,-11.619,7.786,0.0,3.21,2.63
2018-12-02 19:30:00,18.49,56.69,41.74,16.08,3.53,225.21,1.401,0.0,0.475,329.033,406.39,13.396,-26.195,7.184,0.0,2.5,2.48
2018-12-02 20:00:00,17.88,59.54,41.74,16.11,2.78,226.2,1.262,0.0,0.432,329.341,402.365,47.527,-58.08,5.276,0.0,2.0,1.92
2018-12-02 20:30:00,15.7,71.61,41.75,16.13,2.17,243.02,0.416,0.0,0.648,322.801,391.713,4.691,-18.603,6.039,0.0,1.93,0.98
2018-12-02 21:00:00,15.15,73.8,41.75,16.15,2.43,244.19,0.388,0.0,0.863,317.916,387.561,20.66,-32.402,0.936,0.0,2.19,1.06
2018-12-02 21:30:00,14.63,75.83,41.75,16.16,2.53,240.75,0.492,0.0,0.932,316.735,385.901,14.21,-10.221,4.553,0.0,2.21,1.24
2018-12-02 22:00:00,14.26,77.15,41.75,16.17,1.67,235.01,0.366,0.0,0.894,318.602,383.866,0.469,-0.66,0.036,0.0,1.37,0.96
2018-12-02 22:30:00,14.59,74.45,41.75,16.17,1.42,221.38,0.231,0.0,1.356,318.652,384.336,2.601,-6.497,0.555,0.0,0.94,1.06
2018-12-02 23:00:00,14.28,76.1,41.75,16.17,1.46,225.67,0.179,0.0,0.447,317.826,382.646,0.552,-2.487,-1.432,0.0,1.05,1.02
2018-12-02 23:30:00,13.85,78.24,41.75,16.16,1.35,220.85,0.221,0.0,0.828,312.639,380.443,5.348,-14.611,-3.843,0.0,0.88,1.02
2018-12-03 00:00:00,13.62,79.04,41.75,16.15,1.35,225.14,0.276,0.0,0.892,312.28,378.551,6.691,-16.256,-4.47,0.0,0.95,0.95
2018-12-03 00:30:00,13.01,81.86,41.75,16.14,1.42,220.05,0.375,0.0,0.879,311.294,376.249,14.239,-23.016,-3.873,0.0,0.91,1.08
2018-12-03 01:00:00,13.06,81.18,41.75,16.12,1.0,194.7,0.459,0.0,0.678,321.413,376.113,-12.691,-4.433,-4.357,0.0,0.25,0.96
2018-12-03 01:30:00,12.88,82.06,41.74,16.1,1.24,218.31,0.143,0.0,0.846,331.53,376.103,-1.161,0.538,-8.077,0.0,0.77,0.97
2018-12-03 02:00:00,12.74,82.74,41.74,16.08,1.1,207.95,0.202,0.0,0.397,344.719,376.123,11.104,-23.636,-3.341,0.0,0.52,0.97
2018-12-03 02:30:00,12.38,85.5,41.74,16.06,1.41,232.42,0.297,0.0,0.221,350.92,375.369,-6.641,6.48,-8.248,0.0,1.12,0.86
2018-12-03 03:00:00,12.59,84.25,41.74,16.04,1.7,130.75,1.388,0.0,0.668,331.498,375.259,10.47,-22.142,-6.791,0.0,-1.29,1.11
2018-12-03 03:30:00,12.31,85.1,41.74,16.01,1.11,216.64,0.2,0.0,0.554,310.943,372.474,12.249,-21.063,-8.787,0.0,0.66,0.89
2018-12-03 04:00:00,11.93,86.32,41.73,15.99,0.8,211.61,0.298,0.0,1.193,304.798,370.336,-7.633,-18.531,-6.526,0.0,0.42,0.68
2018-12-03 04:30:00,11.55,88.09,41.73,15.96,1.03,222.49,0.148,0.0,0.929,304.716,368.258,-0.647,-8.31,-10.831,0.0,0.69,0.76
2018-12-03 05:00:00,11.18,88.35,41.73,15.94,1.3,223.72,0.22,0.0,0.813,321.04,367.747,3.625,-15.036,-8.016,0.0,0.9,0.94
2018-12-03 05:30:00,11.33,85.19,41.73,15.91,1.18,205.57,0.213,0.0,0.792,323.712,368.485,-4.379,-16.277,-7.346,0.0,0.51,1.06
2018-12-03 06:00:00,11.21,84.1,41.72,15.88,1.21,222.6,0.143,0.0,0.661,317.61,367.503,0.806,-1.207,-12.148,0.0,0.82,0.89
2018-12-03 06:30:00,11.4,81.53,41.72,15.85,0.82,213.77,0.239,11.687,1.798,332.536,368.569,1.517,-6.255,-8.839,15.4,0.45,0.68
2018-12-03 07:00:00,11.24,82.04,41.72,15.82,1.13,227.14,0.162,49.118,5.458,334.09,369.877,4.912,1.196,-12.046,11.1,0.83,0.77
2018-12-03 07:30:00,11.87,77.22,41.71,15.79,0.9,217.97,0.133,265.183,12.735,334.82,375.118,7.167,-4.689,-9.718,4.8,0.55,0.71
2018-12-03 08:00:00,13.77,70.21,41.71,15.76,0.88,71.35,0.57,342.345,21.689,328.462,385.548,245.542,2.141,-10.747,6.3,-0.84,-0.28
2018-12-03 08:30:00,13.06,78.8,41.71,15.74,1.99,71.36,0.512,223.347,23.707,334.123,386.009,117.001,48.009,-10.769,10.6,-1.88,-0.64
2018-12-03 09:00:00,13.79,78.18,41.71,15.7,0.69,312.32,0.343,330.798,41.551,339.86,393.64,-12.482,28.439,-11.733,12.6,0.51,-0.46
2018-12-03 09:30:00,15.68,67.39,41.7,15.68,1.3,29.21,0.698,551.904,57.002,335.116,404.969,141.391,32.58,-6.48,10.3,-0.63,-1.14
2018-12-03 10:00:00,17.2,66.55,41.7,15.66,2.07,55.78,0.818,580.224,79.961,333.11,416.928,305.998,283.051,-11.356,13.8,-1.71,-1.17
2018-12-03 10:30:00,18.77,64.04,41.64,15.64,2.87,70.15,2.302,514.407,78.326,344.266,425.769,241.388,220.125,-11.674,15.2,-2.7,-0.98
2018-12-03 11:00:00,20.52,62.15,41.64,15.63,3.24,56.0,2.651,605.396,108.456,346.048,440.903,339.919,370.442,-5.654,17.9,-2.69,-1.81
2018-12-03 11:30:00,21.25,60.16,41.58,15.63,3.86,53.06,2.732,1024.874,114.132,359.151,447.175,381.308,339.343,-6.07,11.1,-3.09,-2.32
2018-12-03 12:00:00,20.76,62.61,41.52,15.63,4.15,59.61,3.931,832.798,89.091,365.563,440.399,407.659,308.243,-7.467,10.7,-3.58,-2.1
2018-12-03 12:30:00,19.56,67.43,41.47,15.64,4.12,53.67,3.694,421.696,46.928,378.569,426.812,339.614,161.519,-4.685,11.1,-3.32,-2.44
2018-12-03 13:00:00,19.48,66.35,41.45,15.66,4.33,44.37,2.802,532.758,61.172,372.599,426.645,197.537,142.87,1.926,11.5,-3.03,-3.09
2018-12-03 13:30:00,20.11,62.74,41.39,15.69,3.86,44.96,2.635,505.773,56.78,371.547,429.568,305.33,122.225,-0.96,11.2,-2.73,-2.73
2018-12-03 14:00:00,20.29,61.64,41.35,15.72,2.78,63.16,1.635,689.537,78.103,357.886,436.003,240.538,113.624,2.325,11.3,-2.48,-1.26
2018-12-03 14:30:00,20.14,63.08,41.3,15.75,3.43,57.38,2.879,464.141,53.958,356.721,429.238,379.614,105.35,2.723,11.6,-2.89,-1.85
2018-12-03 15:00:00,20.43,59.87,41.24,15.79,4.34,53.47,2.762,834.042,104.411,348.897,441.637,224.872,211.793,0.777,12.5,-3.49,-2.58
2018-12-03 15:30:00,20.74,57.7,41.18,15.83,4.56,52.86,2.961,647.633,84.174,348.018,440.095,187.478,155.237,6.168,13.0,-3.63,-2.75
2018-12-03 16:00:00,20.32,61.23,41.13,15.87,4.39,51.24,2.976,314.055,41.753,348.701,427.341,173.654,9.02,3.317,13.3,-3.43,-2.75
2018-12-03 16:30:00,19.94,64.9,41.12,15.91,1.92,53.23,1.802,90.921,8.948,369.855,418.352,54.858,-21.546,8.006,9.8,-1.54,-1.15
2018-12-03 17:00:00,19.89,65.25,41.1,15.95,1.12,106.79,0.525,130.531,20.465,354.694,419.703,28.179,4.601,6.208,15.7,-1.07,0.32
2018-12-03 17:30:00,19.15,68.72,41.08,15.98,2.19,89.28,0.774,72.987,8.539,373.897,414.4,35.929,-3.421,3.64,11.7,-2.19,-0.03
2018-12-03 18:00:00,18.52,72.3,41.04,16.01,1.27,98.67,0.542,30.048,4.447,388.666,410.067,-7.682,-4.108,6.144,14.8,-1.25,0.19
2018-12-03 18:30:00,18.01,77.71,41.04,16.04,1.44,100.52,0.589,4.859,0.758,389.485,407.117,-18.617,3.949,6.356,0.0,-1.42,0.26
2018-12-03 19:00:00,18.07,74.46,41.05,16.07,1.6,230.94,0.707,0.0,0.528,390.303,406.822,-0.731,10.085,6.272,0.0,1.24,1.01
2018-12-03 19:30:00,18.39,68.53,41.05,16.09,2.55,229.82,0.869,0.0,0.242,389.152,408.289,17.155,-14.824,5.489,0.0,1.95,1.64
2018-12-03 20:00:00,18.1,71.12,41.05,16.11,1.69,215.35,1.335,0.0,0.324,386.866,407.351,40.244,74.694,3.288,0.0,0.98,1.38
2018-12-03 20:30:00,17.53,79.65,41.05,16.13,0.95,106.84,0.369,0.0,0.405,384.58,403.402,63.333,-19.436,4.719,0.0,-0.91,0.27
2018-12-03 21:00:00,16.65,88.48,41.05,16.15,1.13,103.43,0.456,0.0,0.486,357.822,397.481,-44.96,-61.382,3.212,0.0,-1.1,0.26
2018-12-03 21:30:00,15.59,91.55,41.05,16.16,0.99,97.4,0.31,0.0,0.757,341.19,392.123,-15.153,-17.521,-0.458,0.0,-0.99,0.13
2018-12-03 22:00:00,14.99,94.01,41.06,16.17,1.15,184.83,0.582,0.0,0.674,348.731,389.68,9.636,3.144,5.684,0.0,0.1,1.14
2018-12-03 22:30:00,15.25,91.54,41.06,16.18,1.56,228.55,0.164,0.0,0.555,381.968,392.057,-1.833,-1.288,-0.059,0.0,1.17,1.03
2018-12-03 23:00:00,15.4,88.86,41.06,16.19,1.98,230.3,0.292,0.0,0.186,379.46,393.03,14.96,-19.536,1.107,0.0,1.52,1.26
2018-12-03 23:30:00,15.17,89.79,41.06,16.19,1.6,139.16,1.49,0.0,0.609,337.983,389.526,3.636,-14.136,2.307,0.0,-1.05,1.21
2018-12-04 00:00:00,14.37,95.16,41.06,16.19,1.25,98.78,0.617,0.0,0.716,320.996,385.479,1.469,-7.569,0.322,0.0,-1.24,0.19
2018-12-04 00:30:00,14.15,94.23,41.08,16.19,1.32,221.16,0.265,0.0,0.79,323.141,383.818,-5.008,-32.939,2.618,0.0,0.87,1.0
2018-12-04 01:00:00,13.9,91.46,41.12,16.19,1.53,227.14,0.295,0.0,0.995,328.848,382.477,8.57,-9.296,-1.338,0.0,1.12,1.04
2018-12-04 01:30:00,13.83,89.58,41.12,16.19,0.82,221.66,0.109,0.0,0.868,327.155,381.466,-7.166,-2.411,-2.475,0.0,0.54,0.61
2018-12-04 02:00:00,13.46,90.68,41.12,16.18,1.04,223.15,0.095,0.0,0.84,320.086,379.28,-2.935,-4.872,-2.601,0.0,0.71,0.76
2018-12-04 02:30:00,13.17,91.46,41.12,16.17,1.36,221.58,0.131,0.0,0.723,320.883,378.079,1.028,-6.626,-2.751,0.0,0.9,1.02
2018-12-04 03:00:00,13.26,88.78,41.12,16.16,1.52,219.04,0.239,0.0,0.961,322.673,377.829,4.494,-3.447,-3.083,0.0,0.95,1.18
2018-12-04 03:30:00,13.01,89.02,41.12,16.14,1.01,216.84,0.208,0.0,0.643,316.893,376.776,-0.741,-3.214,-5.66,0.0,0.61,0.81
2018-12-04 04:00:00,12.9,89.31,41.11,16.13,1.16,217.79,0.082,0.0,0.8,313.76,375.852,1.906,6.005,-3.553,0.0,0.71,0.92
2018-12-04 04:30:00,12.73,89.71,41.11,16.11,1.22,219.79,0.08,0.0,0.826,310.525,374.546,1.795,-2.161,-5.599,0.0,0.78,0.94
2018-12-04 05:00:00,12.13,90.66,41.11,16.09,1.34,227.73,0.252,0.0,0.835,307.072,372.344,-10.833,-7.871,-5.86,0.0,0.99,0.9
2018-12-04 05:30:00,12.17,88.41,41.11,16.07,1.76,230.54,0.335,0.0,1.062,304.397,371.732,-24.61,-0.471,-6.573,0.0,1.36,1.12
2018-12-04 06:00:00,12.04,86.24,41.11,16.04,1.09,219.77,0.157,0.0,0.959,302.626,370.561,2.485,-6.676,-8.633,0.0,0.69,0.83
2018-12-04 06:30:00,11.75,85.56,41.1,16.02,0.71,226.95,0.237,16.831,2.886,301.007,369.178,12.411,-8.722,-7.517,17.1,0.52,0.48
2018-12-04 07:00:00,11.67,85.19,41.12,15.99,0.59,179.86,0.215,55.316,5.402,300.919,369.393,-25.82,-14.212,-6.635,9.8,-0.0,0.59
2018-12-04 07:30:00,12.37,79.64,41.15,15.97,0.55,216.46,0.184,243.781,9.185,305.379,373.935,-40.716,-6.711,-6.583,3.8,0.33,0.44
2018-12-04 08:00:00,13.62,74.27,41.12,15.94,0.78,62.44,0.405,399.8,14.947,311.426,381.897,113.16,29.557,-12.804,3.7,-0.69,-0.36
2018-12-04 08:30:00,14.33,79.91,41.09,15.9,1.79,54.35,0.515,401.73,31.794,314.873,389.178,209.408,84.708,-10.321,7.9,-1.46,-1.05
2018-12-04 09:00:00,15.68,78.16,41.09,15.88,1.56,50.66,0.696,116.614,53.601,320.749,400.231,223.419,103.914,-8.893,46.0,-1.21,-0.99
2018-12-04 09:30:00,17.3,72.65,41.09,15.85,2.16,64.97,1.164,616.394,63.662,328.179,411.642,262.55,171.765,-8.25,10.3,-1.95,-0.91
2018-12-04 10:00:00,18.88,68.04,41.09,15.82,2.22,58.0,1.231,564.157,80.912,340.513,424.568,296.362,170.68,-10.715,14.3,-1.89,-1.18
2018-12-04 10:30:00,20.03,60.83,41.04,15.8,3.18,48.65,2.363,651.761,93.965,351.741,432.7,531.876,256.899,-10.786,14.4,-2.39,-2.1
2018-12-04 11:00:00,20.49,60.24,41.02,15.79,3.2,61.53,2.842,576.752,97.323,350.118,437.377,500.723,316.079,-4.068,16.9,-2.82,-1.53
2018-12-04 11:30:00,21.04,57.7,40.96,15.78,3.47,54.1,2.495,920.459,103.949,356.179,443.648,395.51,398.726,-9.523,11.3,-2.81,-2.03
2018-12-04 12:00:00,20.99,60.38,40.9,15.78,4.06,60.29,3.171,1029.728,109.355,359.684,445.05,391.482,343.346,-5.123,10.6,-3.53,-2.01
2018-12-04 12:30:00,20.92,61.23,40.84,15.8,3.88,58.83,3.217,802.322,88.342,366.083,441.337,385.856,287.966,-4.614,11.0,-3.32,-2.01
2018-12-04 13:00:00,20.75,62.37,40.78,15.82,3.27,61.52,2.266,649.572,74.277,368.131,437.351,356.823,196.147,5.675,11.4,-2.88,-1.56
2018-12-04 13:30:00,20.52,63.64,40.76,15.85,2.83,65.71,2.099,475.247,54.022,362.474,432.252,310.993,132.739,-3.253,11.4,-2.58,-1.17
2018-12-04 14:00:00,21.03,60.62,40.68,15.87,2.58,68.79,1.603,643.399,74.036,359.514,439.677,349.402,163.334,1.435,11.5,-2.4,-0.93
2018-12-04 14:30:00,21.81,57.57,40.62,15.92,3.03,65.45,1.779,777.16,91.942,358.746,449.242,305.943,246.931,5.108,11.8,-2.76,-1.26
2018-12-04 15:00:00,22.26,56.54,40.54,15.95,2.3,72.42,1.749,582.652,71.62,355.759,446.604,308.367,198.425,2.898,12.3,-2.19,-0.69
2018-12-04 15:30:00,23.04,49.24,40.47,16.0,3.61,248.94,6.8,621.491,80.882,357.777,449.941,225.83,27.767,3.887,13.0,3.37,1.3
2018-12-04 16:00:00,23.17,46.82,40.45,16.04,3.94,247.85,4.178,469.191,66.028,354.681,446.269,143.292,88.389,8.251,14.1,3.65,1.49
2018-12-04 16:30:00,21.77,48.94,40.36,16.08,6.33,235.71,3.451,340.096,54.5,347.369,434.354,61.769,34.361,1.774,16.0,5.23,3.57
2018-12-04 17:00:00,21.47,48.91,40.29,16.12,5.87,239.06,3.489,266.041,44.015,355.687,431.367,84.048,58.85,7.786,16.5,5.03,3.02
2018-12-04 17:30:00,20.49,50.37,40.23,16.17,6.33,237.25,3.512,127.511,23.379,368.94,423.32,27.803,1.868,8.177,18.3,5.32,3.42
2018-12-04 18:00:00,19.49,52.57,40.23,16.2,6.09,236.39,3.296,35.571,5.857,370.023,415.486,9.766,-34.727,5.542,16.5,5.07,3.37
2018-12-04 18:30:00,18.76,53.19,40.18,16.24,5.55,239.32,3.052,6.14,1.741,360.927,410.615,32.567,-32.047,7.071,0.0,4.77,2.83
2018-12-04 19:00:00,18.09,52.92,40.18,16.27,4.24,229.08,2.043,0.0,0.262,350.858,406.039,14.796,-17.788,4.198,0.0,3.2,2.78
2018-12-04 19:30:00,17.52,49.97,40.18,16.29,5.59,234.69,2.641,0.0,0.338,339.841,402.635,30.705,-15.861,6.669,0.0,4.56,3.23
2018-12-04 20:00:00,16.96,47.37,40.18,16.3,5.06,239.71,2.157,0.0,0.356,339.21,399.292,-7.268,-34.368,4.306,0.0,4.37,2.55
2018-12-04 20:30:00,16.61,47.65,40.13,16.31,3.91,237.8,1.44,0.0,0.531,326.62,396.326,25.996,-39.402,-1.967,0.0,3.31,2.08
2018-12-04 21:00:00,16.13,49.29,40.12,16.31,4.48,247.88,1.507,0.0,0.664,316.027,393.085,-11.233,3.87,0.606,0.0,4.15,1.69
2018-12-04 21:30:00,15.43,52.88,40.12,16.31,2.54,228.11,0.561,0.0,0.518,315.148,388.885,-2.276,-2.575,0.328,0.0,1.89,1.7
2018-12-04 22:00:00,14.63,57.61,40.12,16.3,1.71,228.23,0.246,0.0,0.244,329.902,384.709,-17.928,12.447,-1.676,0.0,1.28,1.14
2018-12-04 22:30:00,13.63,65.34,40.14,16.29,1.65,229.37,0.282,0.0,0.402,323.716,380.28,9.694,-9.459,-2.551,0.0,1.25,1.08
2018-12-04 23:00:00,13.35,67.92,40.15,16.27,2.19,233.58,0.5,0.0,1.006,311.4,378.436,8.778,-22.861,-3.466,0.0,1.76,1.3
2018-12-04 23:30:00,13.13,68.61,40.17,16.25,1.29,232.97,0.381,0.0,0.777,319.484,377.272,5.43,-6.932,-4.411,0.0,1.03,0.77
2018-12-05 00:00:00,12.85,69.47,40.17,16.23,0.89,225.99,0.499,0.0,1.207,320.166,375.287,3.503,-0.241,-7.091,0.0,0.64,0.62
2018-12-05 00:30:00,12.83,68.6,40.13,16.2,1.76,228.71,0.282,0.0,0.653,325.162,375.401,3.802,-17.042,-7.503,0.0,1.32,1.16
2018-12-05 01:00:00,12.69,67.57,40.11,16.18,1.68,224.75,0.266,0.0,0.946,313.096,374.295,-36.678,20.177,-10.197,0.0,1.18,1.19
2018-12-05 01:30:00,12.42,65.44,40.11,16.14,1.44,225.17,0.392,0.0,0.614,317.062,373.028,20.542,-14.353,-6.742,0.0,1.02,1.01
2018-12-05 02:00:00,12.3,62.87,40.12,16.11,1.94,237.36,0.59,0.0,1.231,302.772,370.67,8.593,-32.536,-10.243,0.0,1.63,1.05
2018-12-05 02:30:00,12.87,57.85,40.11,16.08,1.81,240.72,1.115,0.0,0.892,298.11,372.719,5.93,-35.617,-5.614,0.0,1.57,0.88
2018-12-05 03:00:00,12.88,56.73,40.15,16.04,2.46,236.09,1.279,0.0,1.399,294.413,372.282,37.628,-62.227,-11.57,0.0,2.05,1.38
2018-12-05 03:30:00,13.23,51.26,40.15,16.0,2.76,236.84,1.151,0.0,0.843,293.206,373.885,56.8,-47.977,-10.675,0.0,2.31,1.51
2018-12-05 04:00:00,13.31,46.01,40.15,15.96,3.29,238.09,1.234,0.0,0.986,292.463,374.411,51.719,-33.726,-11.092,0.0,2.79,1.74
2018-12-05 04:30:00,13.04,44.74,40.15,15.92,2.67,236.68,1.176,0.0,0.33,294.806,372.883,37.452,-19.476,-11.626,0.0,2.23,1.47
2018-12-05 05:00:00,11.67,51.12,40.14,15.88,1.2,236.54,0.527,0.0,0.655,292.79,366.862,11.783,-5.226,-13.711,0.0,1.0,0.66
2018-12-05 05:30:00,11.23,52.54,40.14,15.84,1.34,231.75,0.319,0.0,1.097,285.667,364.385,15.079,-20.699,-15.115,0.0,1.06,0.83
2018-12-05 06:00:00,10.82,53.51,40.14,15.8,1.46,228.89,0.346,0.0,1.675,284.947,361.799,25.173,-27.508,-9.593,0.0,1.1,0.96
2018-12-05 06:30:00,10.45,54.57,40.13,15.75,1.28,215.57,0.486,17.63,2.94,284.227,362.977,19.912,-20.425,-12.063,16.7,0.75,1.04
2018-12-05 07:00:00,10.61,53.2,40.13,15.7,0.92,103.11,0.372,51.508,5.879,283.507,364.156,-0.331,-0.342,-14.534,11.4,-0.89,0.21
2018-12-05 07:30:00,11.12,51.7,40.08,15.66,0.91,203.51,0.362,314.807,10.153,282.787,365.335,13.442,-2.286,-16.829,3.2,0.36,0.83
2018-12-05 08:00:00,12.34,46.5,40.06,15.61,0.74,218.19,0.268,443.429,15.99,288.336,374.244,27.215,14.367,-17.111,3.6,0.46,0.58
2018-12-05 08:30:00,14.08,45.64,40.05,15.56,1.11,43.05,0.538,377.237,32.659,293.337,384.982,29.358,16.678,-16.825,8.7,-0.76,-0.81
2018-12-05 09:00:00,15.43,50.16,40.05,15.51,1.99,59.05,0.605,68.967,58.117,297.427,396.712,245.217,110.349,-13.637,84.3,-1.71,-1.02
2018-12-05 09:30:00,17.37,45.37,40.04,15.47,2.21,64.93,1.118,563.883,74.527,300.611,411.586,286.946,95.206,-13.81,13.2,-2.0,-0.94
2018-12-05 10:00:00,19.06,38.33,40.01,15.43,2.68,69.08,1.554,538.165,87.824,308.536,425.434,405.629,150.403,-13.982,16.3,-2.5,-0.96
2018-12-05 10:30:00,20.03,36.14,39.99,15.39,2.87,71.31,2.051,568.685,98.225,312.289,434.927,424.794,294.628,-16.567,17.3,-2.72,-0.92
2018-12-05 11:00:00,21.08,38.25,39.91,15.36,3.28,69.79,2.856,540.744,106.705,316.891,444.06,424.353,319.481,-15.576,19.7,-3.08,-1.13
2018-12-05 11:30:00,21.83,37.86,39.84,15.34,3.83,66.86,3.418,982.616,110.163,323.348,449.436,394.633,318.982,-12.433,11.2,-3.52,-1.51
2018-12-05 12:00:00,22.08,41.0,39.79,15.33,4.07,69.12,4.23,1081.318,112.299,328.936,452.248,470.676,337.731,-12.588,10.4,-3.8,-1.45
2018-12-05 12:30:00,22.35,44.48,39.73,15.33,4.62,64.08,3.934,1073.968,114.078,331.606,453.894,316.575,356.48,-5.69,10.6,-4.16,-2.02
2018-12-05 13:00:00,22.65,45.76,39.72,15.34,3.79,61.25,3.625,1036.871,112.966,334.212,457.196,505.125,361.76,-1.524,10.9,-3.32,-1.82
2018-12-05 13:30:00,23.08,43.23,39.64,15.36,3.49,58.24,3.511,1001.809,110.936,334.973,459.417,428.936,367.04,-7.421,11.1,-2.97,-1.84
2018-12-05 14:00:00,24.24,35.02,39.51,15.39,1.88,85.01,2.196,954.061,108.561,338.013,460.512,337.807,295.023,-4.633,11.4,-1.87,-0.16
2018-12-05 14:30:00,24.96,23.57,39.42,15.42,2.78,247.15,3.674,888.024,105.96,341.228,461.608,246.677,117.735,-0.495,11.9,2.56,1.08
2018-12-05 15:00:00,24.65,22.01,39.38,15.46,4.33,256.39,5.901,816.522,102.77,346.481,462.703,155.547,166.829,4.483,12.6,4.2,1.02
2018-12-05 15:30:00,24.01,23.58,39.3,15.51,4.08,242.51,3.352,382.677,50.308,343.893,446.987,118.066,32.272,1.917,13.1,3.62,1.88
2018-12-05 16:00:00,23.75,25.66,39.18,15.55,5.79,246.63,4.865,483.637,73.66,334.116,448.5,30.778,105.483,-5.866,15.2,5.32,2.3
2018-12-05 16:30:00,23.32,28.3,39.09,15.6,5.96,239.07,3.458,387.099,66.1,332.162,445.099,66.522,61.466,6.588,17.1,5.11,3.06
2018-12-05 17:00:00,22.41,32.86,39.08,15.65,5.75,236.17,3.109,254.582,51.958,330.979,437.239,46.54,24.658,5.521,20.4,4.78,3.2
2018-12-05 17:30:00,21.7,36.87,39.04,15.69,5.76,236.95,2.903,138.099,36.141,329.941,430.426,21.958,18.151,2.952,26.2,4.83,3.14
2018-12-05 18:00:00,20.47,42.86,38.93,15.73,6.82,237.11,2.81,39.908,9.187,327.421,419.721,-0.529,3.15,5.149,23.0,5.73,3.7
2018-12-05 18:30:00,19.3,49.84,38.92,15.77,7.16,240.39,2.508,4.467,1.564,325.512,412.147,8.264,-20.333,7.405,0.0,6.23,3.54
2018-12-05 19:00:00,18.27,55.74,38.92,15.8,4.57,234.43,1.963,0.0,0.445,323.323,406.037,14.298,-28.647,3.664,0.0,3.72,2.66
2018-12-05 19:30:00,17.52,58.93,38.91,15.83,4.17,234.09,1.433,0.0,0.63,321.578,401.619,7.003,-12.335,3.418,0.0,3.38,2.44
2018-12-05 20:00:00,16.72,62.67,38.87,15.85,4.55,237.03,1.463,0.0,0.436,317.978,397.38,15.541,-34.354,2.11,0.0,3.82,2.47
2018-12-05 20:30:00,16.4,63.6,38.87,15.86,3.73,228.81,1.547,0.0,0.814,315.28,394.973,14.263,-27.762,1.147,0.0,2.81,2.46
2018-12-05 21:00:00,15.91,65.44,38.87,15.87,3.37,230.87,1.415,0.0,0.59,313.328,392.015,17.38,-30.637,1.832,0.0,2.61,2.12
2018-12-05 21:30:00,15.49,68.03,38.87,15.88,2.87,231.04,1.037,0.0,0.677,312.03,389.375,5.172,-19.238,0.018,0.0,2.23,1.8
2018-12-05 22:00:00,14.14,74.97,38.87,15.88,2.95,235.48,0.665,0.0,0.309,308.425,383.311,0.63,-12.612,0.334,0.0,2.43,1.67
2018-12-05 22:30:00,13.85,75.57,38.87,15.88,2.65,235.17,0.85,0.0,0.923,306.94,381.327,5.565,-26.939,-3.175,0.0,2.17,1.51
2018-12-05 23:00:00,13.24,78.35,38.87,15.88,1.91,228.33,0.313,0.0,0.834,304.555,377.684,7.465,-10.893,-1.786,0.0,1.42,1.27
2018-12-05 23:30:00,13.03,78.68,38.87,15.87,1.47,214.82,0.311,0.0,0.731,303.053,376.094,1.97,-8.743,-3.164,0.0,0.84,1.2
